Job Title,Jobs
Software Engineer,Software
Data Analyst,Data Analyst
Manager,Manager
Sales Associate,Sales
Director,Director
Marketing Analyst,Marketing
Product Manager,Product Manager
Sales Manager,Sales
Marketing Coordinator,Marketing
Scientist,Scientist
Software Developer,Software
HR Manager,HR
Financial Analyst,Financial
Project Manager,Project Manager
Customer Service Rep,Customer Service
Operations Manager,Operations
Marketing Manager,Marketing
Engineer,Engineer
Data Entry Clerk,Data Entry Clerk
Sales Director,Sales
Business Analyst,Business Analyst
VP of Operations,Operations
IT Support,IT Support
Recruiter,Recruiter
Financial Manager,Financial
Social Media Specialist,Social Media
Software Manager,Software
Developer,Software
Consultant,Consultant
Product Designer,Product Designer
CEO,CEO
Accountant,Accountant
Data Scientist,Data Scientist
Marketing Specialist,Marketing
Technical Writer,Technical Writer
HR Generalist,HR
Project Engineer,Project Engineer
Customer Success Rep,Customer Success
Sales Executive,Sales
UX Designer,UX
Operations Director,Operations
Network Engineer,Network Engineer
Administrative Assistant,Administrative
Strategy Consultant,Consultant
Copywriter,Copywriter
Account Manager,Account
Director of Marketing,Marketing
Help Desk Analyst,Help Desk Analyst
Customer Service Manager,Customer Service
Business Intelligence Analyst,Business Analyst
Event Coordinator,Event Coordinator
VP of Finance,Financial
Graphic Designer,Graphic Designer
UX Researcher,UX
Social Media Manager,Social Media
Director of Operations,Operations
Digital Marketing Manager,Marketing
IT Manager,IT Manager
Customer Service Representative,Customer Service
Business Development Manager,Business Development Manager
Web Developer,Web Developer
Research Director,Research
Technical Support Specialist,Technical Support Specialist
Creative Director,Creative Director
Human Resources Director,HR
Content Marketing Manager,Marketing
Technical Recruiter,Recruiter
Sales Representative,Sales
Chief Technology Officer,CTO
Designer,Designer
Financial Advisor,Financial
Principal Scientist,Scientist
Supply Chain Manager,Supply Chain Manager
Training Specialist,Training Specialist
Research Scientist,Research
Public Relations Manager,PR
Operations Analyst,Operations
Product Marketing Manager,Marketing
Project Coordinator,Project Coordinator
Chief Data Officer,CTO
Digital Content Producer,Digital Content Producer
IT Support Specialist,Technical Support Specialist
Customer Success Manager,Customer Service
Software Project Manager,Project Manager
Supply Chain Analyst,Supply Chain
Office Manager,Office Manager
Principal Engineer,Engineer
Sales Operations Manager,Sales
Web Designer,Web Designer
Director of Sales,Sales
Customer Support Specialist,Customer Service
Director of Human Resources,HR
Director of Product Management,Product Manager
Human Resources Manager,HR
Business Development Associate,Business Development 
Researcher,Research
HR Coordinator,HR
Director of Finance,Financial
Human Resources Coordinator,HR
IT Project Manager,Project Manager
Quality Assurance Analyst,Quality Assurance
Director of Sales and Marketing,Marketing
Account Executive,Account
Director of Business Development,Business Development
Human Resources Specialist,HR
Director of Human Capital,HR
Advertising Coordinator,Advertising Coordinator
Marketing Director,Marketing
IT Consultant,IT Consultant
Business Operations Analyst,Business Analyst
Product Development Manager,Product Manager
Software Architect,Software
HR Specialist,HR
Data Engineer,Data Engineer
Operations Coordinator,Operations
Director of HR,HR
Director of Engineering,Engineering
Software Engineer Manager,Software
Back end Developer,Software
Full Stack Engineer,Software
Front end Developer,Software
Director of Data Science,Data Scientist
Juniour HR Generalist,HR
Juniour HR Coordinator,HR
Digital Marketing Specialist,Marketing
Receptionist,Receptionist
Social Media Man,Social Media
Delivery Driver,Delivery Driver
